nombre_de_producto,precio_de_producto,url_producto 
Tripack Calzones Pantaleta Sin Demarcación Flores,$10.990,https://www.paris.cl/tripack-calzones-pantaleta-sin-demarcacion-flores-554208.html?dwvar_554208_color=0011&cgid=mujIntCalzones
Pack 2 Pantaleta Algodón Elasticado 96633P Intime,$4.990,https://www.paris.cl/pack-2-pantaleta-algodon-elasticado-96633p-intime-314469.html?dwvar_314469_color=0100&cgid=mujIntCalzones
Calzón Autumn Femenine Women'Secret,$9.990,https://www.paris.cl/calzon-autumn-femenine-womensecret-481177.html?dwvar_481177_color=0610&cgid=mujIntCalzones
Pack 3 Pantaletas Algodón Elasticado 98699 Intime,$7.990,https://www.paris.cl/pack-3-pantaletas-algodon-elasticado-98699-intime-236792.html?dwvar_236792_color=0001&cgid=mujIntCalzones
Bikini Encaje Fino Opposite,$3.990,https://www.paris.cl/bikini-encaje-fino-opposite-515452.html?dwvar_515452_color=0001&cgid=mujIntCalzones
Calzón Autumn Femenine Women'Secret,$4.990,https://www.paris.cl/calzon-autumn-femenine-womensecret-481131.html?dwvar_481131_color=0724&cgid=mujIntCalzones
Pantaleta Seamless 9711700 Intime,$3.990,https://www.paris.cl/pantaleta-seamless-9711700-intime-487428.html?dwvar_487428_color=0001&cgid=mujIntCalzones
Calzón Estilo Culotte Encaje Opposite,$4.490,https://www.paris.cl/calzon-estilo-culotte-encaje-opposite-515483.html?dwvar_515483_color=0021&cgid=mujIntCalzones
Calzón Black&Ecru Puntos Women'Secret,$9.990,https://www.paris.cl/calzon-black-ecru-puntos-womensecret-580461.html?dwvar_580461_color=0001&cgid=mujIntCalzones
Pack 3X Calzón Colaless 11662 Flores,$8.990,https://www.paris.cl/pack-3x-calzon-colaless-11662-flores-457383.html?dwvar_457383_color=0999&cgid=mujIntCalzones
Calzón Autumn Femenine Women'Secret,$4.990,https://www.paris.cl/calzon-autumn-femenine-womensecret-481158.html?dwvar_481158_color=0610&cgid=mujIntCalzones
Pack 3 Bikini Ultra Suave 96889 Intime,$9.990,https://www.paris.cl/pack-3-bikini-ultra-suave-96889-intime-236575.html?dwvar_236575_color=0999&cgid=mujIntCalzones
Calzón Black&Ecru Encaje Women'Secret,$9.990,https://www.paris.cl/calzon-black-ecru-encaje-womensecret-580459.html?dwvar_580459_color=0211&cgid=mujIntCalzones
Calzón Colaless 11885 Flores,$3.790,https://www.paris.cl/calzon-colaless-11885-flores-363175.html?dwvar_363175_color=0011&cgid=mujIntCalzones
Calzón Black&Ecru Tiras Women'Secret,$9.990,https://www.paris.cl/calzon-black-ecru-tiras-womensecret-580465.html?dwvar_580465_color=0211&cgid=mujIntCalzones
Calzon Cuadro Seamless 87007 Intime,$2.990,https://www.paris.cl/calzon-cuadro-seamless-87007-intime-577954.html?dwvar_577954_color=0260&cgid=mujIntCalzones
Pack 2 Pantaleta Algodón Elasticado 76971 Intime,$7.590,https://www.paris.cl/pack-2-pantaleta-algodon-elasticado-76971-intime-236798.html?dwvar_236798_color=0001&cgid=mujIntCalzones
Pack 3X Calzón Bikini 11661 Flores,$7.590,https://www.paris.cl/pack-3x-calzon-bikini-11661-flores-457382.html?dwvar_457382_color=0999&cgid=mujIntCalzones
Pack 3 Pantaleta Algodón 96776 Intime,$6.990,https://www.paris.cl/pack-3-pantaleta-algodon-96776-intime-686419.html?dwvar_686419_color=0100&cgid=mujIntCalzones
Pantaleta Reductora Seamless 87022 Intime,$3.990,https://www.paris.cl/pantaleta-reductora-seamless-87022-intime-749770.html?dwvar_749770_color=0100&cgid=mujIntCalzones
Calzón 9402 Just Body Make Triumph,$8.990,https://www.paris.cl/calzon-9402-just-body-make-triumph-486097.html?dwvar_486097_color=0260&cgid=mujIntCalzones
Pack Calzón 12179 Flores,$8.490,https://www.paris.cl/pack-calzon-12179-flores-123976.html?dwvar_123976_color=0100&cgid=mujIntCalzones
Bikini 94324 Intime,$2.990,https://www.paris.cl/bikini-94324-intime-630946.html?dwvar_630946_color=0011&cgid=mujIntCalzones
Calzón Pantaleta Cintas Opposite,$4.490,https://www.paris.cl/calzon-pantaleta-cintas-opposite-598037.html?dwvar_598037_color=0011&cgid=mujIntCalzones
Calzón Cuadro Print Alaniz,$4.990,https://www.paris.cl/calzon-cuadro-print-alaniz-372263.html?dwvar_372263_color=0001&cgid=mujIntCalzones
Tanga Encaje 84301 Intime,$3.490,https://www.paris.cl/tanga-encaje-84301-intime-808020.html?dwvar_808020_color=0011&cgid=mujIntCalzones
Pack Calzón Colaless 12865 Flores,$7.990,https://www.paris.cl/pack-calzon-colaless-12865-flores-858444.html?dwvar_858444_color=0001&cgid=mujIntCalzones
Calzón Encaje Completo Alaniz,$4.990,https://www.paris.cl/calzon-encaje-completo-alaniz-372294.html?dwvar_372294_color=0001&cgid=mujIntCalzones
Colzón Encaje Opposite,$3.140,https://www.paris.cl/colzon-encaje-opposite-939558.html?dwvar_939558_color=0450&cgid=mujIntCalzones
Calzón Encaje Colaless Alaniz,$4.990,https://www.paris.cl/calzon-encaje-colaless-alaniz-372249.html?dwvar_372249_color=0020&cgid=mujIntCalzones
Calzón Encaje Opposite,$3.990,https://www.paris.cl/calzon-encaje-opposite-598050.html?dwvar_598050_color=0021&cgid=mujIntCalzones
Calzón Sense2 Women'Secret,$5.990,https://www.paris.cl/calzon-sense2-womensecret-420379.html?dwvar_420379_color=0001&cgid=mujIntCalzones
Pantaleta Ultra Suave 96893 Intime,$3.990,https://www.paris.cl/pantaleta-ultra-suave-96893-intime-236343.html?dwvar_236343_color=0001&cgid=mujIntCalzones
Pack 3X Calzón Pantaleta 24117 Flores,$8.490,https://www.paris.cl/pack-3x-calzon-pantaleta-24117-flores-669606.html?dwvar_669606_color=0020&cgid=mujIntCalzones
Pantaleta Seamless 87106 Intime,$2.990,https://www.paris.cl/pantaleta-seamless-87106-intime-236786.html?dwvar_236786_color=0020&cgid=mujIntCalzones
Pack 3 Pantaleta Ultra Suave 96888 Intime,$10.990,https://www.paris.cl/pack-3-pantaleta-ultra-suave-96888-intime-236563.html?dwvar_236563_color=0999&cgid=mujIntCalzones
Calzón Beautiful Triumph,$12.690,https://www.paris.cl/calzon-beautiful-triumph-123902.html?dwvar_123902_color=0270&cgid=mujIntCalzones
Calzón Bikini Liz,$8.990,https://www.paris.cl/calzon-bikini-liz-230609.html?dwvar_230609_color=0001&cgid=mujIntCalzones
Calzón Under Control Liz,$19.990,https://www.paris.cl/calzon-under-control-liz-230617.html?dwvar_230617_color=0001&cgid=mujIntCalzones
Calzón Funcional Bermuda Liz,$10.790,https://www.paris.cl/calzon-funcional-bermuda-liz-393815.html?dwvar_393815_color=0001&cgid=mujIntCalzones
